,Tanggal,Tn,Tx,Tavg,RH_avg,RR,ss,ff_x,ddd_x,ff_avg,ddd_car
0,2023-07-01,24.3,33.2,27.1,90.0,1.9,2.8,4.0,300.0,1.0,SE
1,2023-07-02,24.3,29.8,26.5,91.0,24.3,2.7,3.0,130.0,0.0,C 
2,2023-07-03,24.0,34.0,27.9,86.0,3.4,0.4,3.0,70.0,1.0,C 
3,2023-07-04,24.2,34.2,28.4,82.0,0.0,4.2,3.0,300.0,1.0,C 
4,2023-07-05,24.2,32.2,27.4,88.0,0.0,7.7,4.0,280.0,1.0,C 
5,2023-07-06,24.6,31.1,26.4,92.0,2.1,5.2,8.0,200.0,2.0,S 
6,2023-07-07,23.8,30.6,26.3,87.0,54.3,2.7,4.0,160.0,1.0,C 
7,2023-07-08,23.5,33.3,27.9,83.0,3.5,1.5,5.0,170.0,1.0,C 
8,2023-07-09,24.7,33.2,28.2,86.0,0.5,4.7,4.0,310.0,1.0,C 
9,2023-07-10,24.6,32.6,27.1,92.0,2.2,8.8,4.0,110.0,1.0,E 
10,2023-07-11,24.3,32.2,27.0,89.0,10.5,6.5,4.0,270.0,1.0,C 
11,2023-07-12,23.9,32.7,27.9,86.0,2.4,2.3,4.0,270.0,1.0,C 
12,2023-07-13,23.6,33.6,28.0,83.0,0.0,6.7,4.0,170.0,1.0,C 
13,2023-07-14,24.7,33.6,28.4,82.0,0.0,9.2,4.0,290.0,2.0,S 
14,2023-07-15,24.5,32.9,28.2,80.0,0.0,10.3,4.0,180.0,2.0,S 
15,2023-07-16,25.2,33.5,28.5,79.0,0.0,4.4,4.0,170.0,2.0,S 
16,2023-07-17,25.0,34.6,28.8,83.0,0.0,5.2,4.0,160.0,1.0,C 
17,2023-07-18,24.8,33.6,29.1,81.0,0.0,10.0,3.0,300.0,1.0,C 
18,2023-07-19,25.6,33.4,28.5,87.0,0.0,10.3,8.0,270.0,2.0,SE
19,2023-07-20,24.0,32.0,26.4,90.0,9.9,6.8,6.0,300.0,2.0,S 
20,2023-07-22,23.4,33.4,28.3,82.0,0.0,0.7,4.0,300.0,1.0,C 
21,2023-07-23,24.4,34.6,28.9,84.0,0.0,10.0,5.0,300.0,1.0,C 
22,2023-07-24,24.4,34.0,28.6,83.0,2.6,9.8,4.0,240.0,2.0,S 
23,2023-07-25,25.2,34.6,29.0,78.0,0.0,8.0,5.0,200.0,2.0,S 
24,2023-07-27,24.4,34.5,28.7,84.0,0.0,10.5,5.0,170.0,2.0,S 
25,2023-07-28,24.2,35.2,28.5,77.0,0.0,10.3,5.0,160.0,3.0,S 
26,2023-07-29,23.4,34.3,28.3,74.0,0.0,7.6,4.0,190.0,1.0,C 
27,2023-07-30,23.2,33.0,27.6,84.0,0.0,6.4,4.0,180.0,1.0,C 
28,2023-07-31,23.2,34.2,27.9,85.0,0.0,7.8,4.0,170.0,1.0,C 
29,2023-08-03,24.0,30.4,27.2,88.0,1.0,1.5,5.0,290.0,1.0,C 
30,2023-08-05,25.0,33.2,27.8,90.0,0.0,10.2,5.0,310.0,1.0,C 
31,2023-08-06,24.8,33.0,27.7,89.0,6.0,8.0,4.0,320.0,1.0,C 
32,2023-08-08,22.8,33.5,27.3,84.0,2.8,2.0,4.0,280.0,1.0,C 
33,2023-08-09,22.8,32.4,27.5,88.0,0.0,7.5,3.0,310.0,1.0,C 
34,2023-08-10,23.6,33.2,27.7,86.0,0.0,2.4,4.0,310.0,1.0,C 
35,2023-08-11,24.6,33.6,28.3,82.0,0.0,5.9,5.0,200.0,1.0,C 
36,2023-08-13,23.4,33.4,27.7,83.0,0.0,10.0,3.0,290.0,1.0,C 
37,2023-08-14,23.8,34.0,27.8,84.0,0.0,9.5,4.0,270.0,1.0,C 
38,2023-08-15,23.8,33.4,28.2,82.0,0.0,8.8,3.0,270.0,1.0,C 
39,2023-08-16,24.5,34.6,28.6,80.0,0.0,3.0,3.0,170.0,2.0,S 
40,2023-08-17,23.2,34.2,27.6,86.0,4.9,7.0,3.0,170.0,1.0,C 
41,2023-08-18,24.0,32.4,27.6,87.0,0.2,6.2,3.0,280.0,1.0,S 
42,2023-08-20,24.6,33.6,27.7,88.0,0.0,8.7,3.0,280.0,1.0,C 
43,2023-08-21,24.6,33.2,27.3,89.0,7.5,3.5,3.0,160.0,1.0,C 
44,2023-08-22,23.8,32.6,27.6,86.0,6.0,4.5,4.0,240.0,1.0,C 
45,2023-08-23,24.4,29.8,26.8,92.0,1.3,4.2,3.0,160.0,1.0,C 
46,2023-08-25,23.6,29.4,26.5,90.0,0.0,9.1,4.0,170.0,1.0,C 
47,2023-08-26,23.6,33.4,28.0,81.0,0.0,0.0,4.0,290.0,1.0,C 
48,2023-08-27,23.8,32.4,27.7,86.0,0.0,10.2,4.0,280.0,1.0,C 
49,2023-08-28,23.4,33.0,28.2,84.0,0.0,8.2,4.0,290.0,2.0,S 
50,2023-08-29,24.7,35.6,29.0,82.0,0.0,9.1,5.0,170.0,2.0,C 
51,2023-08-30,24.8,32.8,28.1,86.0,0.0,10.8,4.0,250.0,1.0,C 
52,2023-08-31,23.6,34.1,28.7,84.0,0.0,1.3,4.0,260.0,2.0,S 
53,2023-09-01,25.2,35.2,29.2,79.0,0.0,8.2,5.0,290.0,2.0,S 
54,2023-09-02,25.6,33.4,28.6,83.0,0.0,8.4,5.0,270.0,2.0,S 
55,2023-09-03,24.8,34.4,28.8,75.0,0.0,6.7,4.0,180.0,2.0,S 
56,2023-09-04,24.1,34.2,28.6,80.0,0.0,6.6,5.0,170.0,1.0,C 
57,2023-09-05,24.6,33.3,27.7,89.0,0.0,6.7,2.0,160.0,1.0,C 
58,2023-09-06,24.2,29.1,26.0,92.0,11.5,1.9,2.0,70.0,1.0,C 
59,2023-09-07,23.2,31.6,27.9,86.0,26.4,0.9,3.0,180.0,1.0,C 
60,2023-09-08,24.5,34.2,29.0,78.0,0.0,0.0,4.0,320.0,1.0,C 
61,2023-09-09,24.4,32.0,27.5,88.0,0.0,6.8,2.0,160.0,1.0,C 
62,2023-09-11,23.4,30.6,25.6,92.0,27.5,1.8,3.0,170.0,1.0,C 
63,2023-09-12,23.3,33.9,27.7,84.0,19.7,0.4,3.0,190.0,1.0,C 
64,2023-09-13,23.4,32.2,27.5,90.0,0.1,4.9,2.0,260.0,1.0,C 
65,2023-09-14,23.8,32.9,27.3,88.0,0.0,1.4,4.0,160.0,1.0,C 
66,2023-09-15,23.5,32.2,27.3,86.0,0.6,6.9,2.0,240.0,1.0,C 
67,2023-09-16,24.6,33.2,27.8,86.0,0.0,3.7,5.0,310.0,1.0,C 
68,2023-09-17,24.6,33.0,27.2,90.0,0.0,4.3,4.0,300.0,1.0,C 
69,2023-09-18,23.6,31.0,25.3,96.0,3.2,3.7,2.0,280.0,1.0,C 
70,2023-09-19,23.3,31.8,26.2,93.0,46.4,4.2,2.0,180.0,1.0,C 
71,2023-09-20,23.6,31.2,26.7,90.0,2.2,2.2,3.0,310.0,1.0,C 
72,2023-09-21,24.4,32.2,27.9,84.0,1.5,4.8,5.0,250.0,2.0,C 
73,2023-09-22,24.8,33.2,28.4,81.0,0.7,2.3,5.0,170.0,2.0,S 
74,2023-09-23,25.4,34.9,28.3,82.0,1.8,1.7,4.0,190.0,2.0,S 
75,2023-09-25,23.8,34.4,27.7,81.0,0.0,8.4,4.0,280.0,1.0,S 
76,2023-09-26,24.2,32.1,27.6,87.0,0.0,10.1,3.0,150.0,1.0,C 
77,2023-09-27,23.8,33.9,27.8,84.0,0.0,0.0,2.0,312.0,1.0,C 
78,2023-09-28,24.4,32.1,27.6,89.0,24.5,0.8,3.0,300.0,1.0,C 
79,2023-09-29,24.1,31.6,27.3,90.0,0.4,4.1,2.0,310.0,0.0,C 
80,2023-09-30,24.8,31.4,26.6,88.0,1.2,0.8,3.0,240.0,1.0,C 
81,2023-10-01,23.8,32.0,27.7,86.0,36.5,2.3,2.0,160.0,1.0,C 
82,2023-10-02,23.0,34.2,27.3,84.0,0.1,1.9,4.0,250.0,1.0,C 
83,2023-10-03,23.7,34.7,28.5,83.0,0.0,6.9,4.0,190.0,1.0,C 
84,2023-10-04,24.3,34.4,28.2,85.0,0.0,8.5,4.0,330.0,1.0,C 
85,2023-10-05,24.2,31.2,27.6,91.0,2.9,7.9,2.0,280.0,0.0,C 
86,2023-10-07,24.6,31.0,27.1,90.0,1.0,0.0,3.0,180.0,0.0,C 
87,2023-10-08,23.3,32.0,26.5,92.0,0.0,0.0,2.0,140.0,0.0,C 
88,2023-10-09,23.7,32.1,27.5,87.0,7.7,2.2,3.0,170.0,1.0,C 
89,2023-10-10,23.5,33.0,27.8,86.0,0.0,4.1,4.0,300.0,1.0,C 
90,2023-10-11,24.2,32.8,27.6,85.0,1.4,5.7,5.0,300.0,1.0,C 
91,2023-10-12,24.2,31.6,27.5,88.0,3.5,5.7,3.0,90.0,1.0,C 
92,2023-10-13,25.0,32.0,27.9,88.0,0.2,3.3,3.0,50.0,1.0,C 
93,2023-10-14,23.8,32.1,27.9,88.0,47.2,3.3,3.0,260.0,1.0,C 
94,2023-10-15,25.0,31.5,25.7,95.0,0.0,2.9,4.0,170.0,1.0,C 
95,2023-10-16,23.3,32.6,26.6,93.0,27.7,0.5,3.0,260.0,1.0,C 
96,2023-10-17,23.0,32.5,26.8,87.0,6.5,1.6,4.0,190.0,1.0,C 
97,2023-10-18,23.8,29.6,25.4,97.0,24.9,2.5,4.0,100.0,0.0,C 
98,2023-10-19,23.5,30.2,26.1,94.0,44.4,0.9,2.0,50.0,0.0,C 
99,2023-10-20,23.0,32.4,26.7,95.0,4.7,1.3,4.0,300.0,1.0,C 
100,2023-10-21,23.0,32.3,28.1,84.0,21.5,6.8,4.0,310.0,1.0,C 
101,2023-10-22,23.7,28.0,25.3,96.0,0.2,10.1,2.0,150.0,0.0,C 
102,2023-10-24,24.1,30.8,25.8,94.0,0.0,9.2,3.0,200.0,1.0,C 
103,2023-10-25,23.6,32.3,27.3,87.0,8.5,2.0,4.0,270.0,1.0,C 
104,2023-10-27,23.8,33.3,28.1,84.0,2.0,1.6,6.0,300.0,1.0,E 
105,2023-10-28,24.2,31.5,26.6,92.0,1.1,5.6,3.0,300.0,1.0,C 
106,2023-10-29,24.3,31.9,27.7,86.0,1.8,4.1,3.0,180.0,1.0,C 
107,2023-10-30,24.6,31.5,27.1,90.0,0.4,6.5,2.0,280.0,0.0,C 
108,2023-10-31,24.1,32.4,26.7,88.0,2.3,3.9,3.0,310.0,1.0,C 
109,2023-11-01,23.7,32.0,27.6,86.0,14.1,5.1,3.0,290.0,1.0,C 
110,2023-11-02,24.4,32.2,26.7,88.0,23.0,6.1,4.0,290.0,1.0,S 
111,2023-11-03,23.5,30.0,25.9,92.0,12.1,8.7,2.0,170.0,0.0,C 
112,2023-11-04,22.9,32.9,27.5,86.0,0.1,0.0,4.0,290.0,1.0,C 
113,2023-11-05,22.9,32.8,26.4,90.0,0.1,8.3,3.0,310.0,1.0,SE
114,2023-11-06,23.8,31.4,26.5,90.0,27.0,3.8,4.0,300.0,1.0,C 
115,2023-11-07,23.2,31.4,26.6,88.0,4.8,3.9,2.0,130.0,0.0,C 
116,2023-11-08,23.2,32.8,28.3,84.0,0.0,0.2,5.0,270.0,1.0,C 
117,2023-11-09,25.2,30.9,26.5,90.0,0.0,8.6,2.0,40.0,0.0,C 
118,2023-11-10,24.4,31.8,26.7,88.0,0.8,1.0,4.0,290.0,1.0,C 
119,2023-11-11,23.4,32.4,27.3,87.0,26.7,2.9,3.0,290.0,1.0,C 
120,2023-11-12,23.5,30.5,25.6,94.0,0.3,4.4,3.0,150.0,0.0,C 
121,2023-11-13,23.1,32.3,27.1,90.0,28.0,2.8,4.0,330.0,0.0,C 
122,2023-11-15,24.8,32.9,26.4,91.0,0.0,8.0,4.0,100.0,1.0,C 
123,2023-11-16,24.0,33.0,26.7,91.0,12.6,3.6,2.0,300.0,1.0,C 
124,2023-11-17,23.8,31.8,27.6,87.0,0.2,3.4,5.0,250.0,1.0,C 
125,2023-11-18,23.7,31.4,27.8,88.0,0.5,7.8,3.0,310.0,1.0,C 
126,2023-11-19,25.0,31.8,27.3,89.0,4.3,6.1,3.0,280.0,1.0,C 
127,2023-11-20,24.2,32.6,28.0,88.0,16.7,2.4,3.0,290.0,1.0,C 
128,2023-11-21,24.8,32.2,28.2,88.0,2.3,6.6,3.0,300.0,0.0,C 
129,2023-11-22,24.2,30.0,26.6,92.0,6.1,4.0,3.0,280.0,1.0,C 
130,2023-11-23,24.5,29.7,24.9,97.0,14.5,0.7,3.0,120.0,1.0,C 
131,2023-11-24,23.8,31.8,26.7,89.0,24.9,0.0,3.0,240.0,1.0,C 
132,2023-11-25,24.2,33.4,27.2,87.0,0.4,3.5,4.0,150.0,1.0,C 
133,2023-11-26,24.3,30.0,26.6,89.0,8.4,4.7,3.0,250.0,1.0,C 
134,2023-11-27,24.0,30.6,26.3,91.0,7.3,1.2,4.0,250.0,1.0,C 
135,2023-11-28,24.0,32.0,27.4,88.0,23.9,0.8,3.0,290.0,1.0,C 
136,2023-11-29,23.9,32.4,27.8,86.0,1.1,3.7,4.0,330.0,1.0,C 
137,2023-11-30,24.4,28.0,25.8,96.0,0.0,8.7,2.0,310.0,0.0,C 
138,2023-12-01,24.2,30.8,25.8,93.0,20.8,0.0,4.0,240.0,2.0,SE
139,2023-12-02,23.7,31.5,27.5,88.0,46.8,2.9,2.0,130.0,0.0,C 
140,2023-12-03,25.0,29.7,25.9,95.0,1.5,4.1,3.0,330.0,0.0,C 
141,2023-12-04,24.0,30.9,26.1,91.0,12.0,1.8,4.0,290.0,1.0,C 
142,2023-12-05,23.7,29.5,25.8,92.0,39.2,6.5,1.0,20.0,0.0,C 
143,2023-12-06,23.2,31.2,27.8,86.0,0.2,0.0,3.0,310.0,1.0,C 
144,2023-12-07,24.7,31.6,27.5,89.0,14.5,8.9,3.0,280.0,1.0,C 
145,2023-12-08,25.0,31.8,27.6,88.0,4.5,2.9,3.0,290.0,1.0,C 
146,2023-12-09,24.8,32.3,27.5,88.0,0.0,5.6,3.0,310.0,1.0,C 
147,2023-12-10,24.2,32.0,27.7,85.0,1.9,7.0,4.0,230.0,1.0,C 
148,2023-12-11,24.2,31.6,26.1,92.0,1.9,7.9,4.0,270.0,1.0,C 
149,2023-12-12,23.4,32.4,27.3,87.0,7.2,3.5,4.0,300.0,1.0,C 
150,2023-12-13,23.8,31.8,27.3,86.0,0.3,6.8,4.0,320.0,1.0,C 
151,2023-12-14,24.0,33.1,27.0,90.0,0.0,6.4,2.0,140.0,1.0,C 
152,2023-12-15,24.4,32.0,27.1,88.0,18.6,4.9,3.0,100.0,1.0,C 
153,2023-12-16,23.8,32.0,27.8,86.0,0.0,4.4,4.0,310.0,1.0,C 
154,2023-12-17,23.8,32.8,27.2,90.0,0.0,6.7,3.0,70.0,1.0,C 
155,2023-12-18,24.2,31.7,27.5,89.0,0.8,2.6,3.0,260.0,1.0,C 
156,2023-12-19,25.0,29.2,25.8,94.0,18.0,5.5,4.0,170.0,1.0,C 
157,2023-12-20,23.1,32.6,28.4,82.0,2.6,0.2,4.0,300.0,1.0,C 
158,2023-12-21,24.7,32.0,27.1,90.0,3.3,10.4,4.0,250.0,1.0,SE
159,2023-12-22,24.6,31.8,26.4,91.0,1.3,5.9,4.0,260.0,1.0,C 
160,2023-12-23,24.0,33.4,26.7,91.0,9.4,4.6,3.0,300.0,1.0,C 
161,2023-12-24,24.5,31.3,27.2,89.0,38.1,5.6,4.0,260.0,1.0,C 
162,2023-12-25,24.2,28.0,25.6,96.0,46.0,1.8,1.0,110.0,0.0,C 
163,2023-12-26,24.1,31.2,26.7,90.0,19.4,0.0,4.0,280.0,1.0,C 
164,2023-12-27,24.3,31.8,27.5,88.0,5.4,4.5,3.0,210.0,1.0,C 
165,2023-12-28,24.3,31.8,27.6,90.0,1.9,4.0,3.0,190.0,0.0,C 
166,2023-12-29,24.8,31.0,26.8,92.0,0.9,3.4,2.0,130.0,0.0,C 
167,2023-12-30,24.4,31.4,27.3,90.0,7.6,2.6,3.0,90.0,1.0,E 
168,2023-12-31,24.4,29.1,26.6,94.0,2.8,1.2,2.0,60.0,0.0,C 
169,2024-01-01,24.3,31.8,27.3,90.0,0.4,0.2,3.0,280.0,1.0,C 
170,2024-01-02,24.3,31.7,26.9,89.0,12.3,6.7,3.0,260.0,1.0,C 
171,2024-01-03,24.2,32.4,27.3,89.0,0.1,4.2,4.0,310.0,1.0,C 
172,2024-01-04,23.8,31.4,25.9,94.0,0.0,5.8,2.0,170.0,1.0,E 
173,2024-01-05,23.8,30.8,26.7,89.0,67.3,1.8,3.0,300.0,1.0,C 
174,2024-01-06,23.6,31.7,26.6,92.0,0.1,6.1,2.0,310.0,0.0,C 
175,2024-01-07,24.2,29.9,26.3,91.0,26.7,3.5,2.0,150.0,0.0,C 
176,2024-01-08,23.7,31.1,26.9,89.0,0.1,0.4,3.0,230.0,1.0,C 
177,2024-01-09,23.6,32.2,27.2,88.0,0.1,4.5,4.0,270.0,1.0,C 
178,2024-01-10,24.6,30.6,26.3,92.0,1.3,7.3,2.0,150.0,1.0,C 
179,2024-01-11,23.8,31.2,27.2,89.0,19.2,1.6,3.0,80.0,1.0,C 
180,2024-01-12,24.0,30.9,26.0,94.0,0.5,5.5,3.0,300.0,1.0,C 
181,2024-01-13,23.7,30.1,26.8,91.0,30.7,3.8,3.0,250.0,1.0,C 
182,2024-01-14,24.1,30.1,26.7,91.0,20.2,1.4,3.0,290.0,1.0,C 
183,2024-01-15,24.6,31.1,27.0,90.0,28.1,3.6,3.0,320.0,1.0,C 
184,2024-01-16,24.7,31.3,27.1,89.0,7.3,7.0,5.0,310.0,1.0,C 
185,2024-01-17,24.8,31.6,27.2,89.0,7.1,4.3,4.0,90.0,1.0,C 
186,2024-01-18,24.4,33.0,25.3,97.0,26.2,3.2,3.0,160.0,1.0,C 
187,2024-01-19,24.4,32.2,26.9,88.0,15.5,0.0,5.0,170.0,1.0,C 
188,2024-01-20,24.0,31.8,26.2,92.0,23.7,3.9,4.0,290.0,1.0,SE
189,2024-01-21,24.1,31.0,27.3,90.0,8.2,2.7,3.0,310.0,0.0,C 
190,2024-01-23,23.9,31.9,25.8,93.0,0.0,4.9,4.0,140.0,1.0,C 
191,2024-01-24,23.4,29.6,26.1,90.0,0.3,3.1,3.0,100.0,1.0,C 
192,2024-01-25,23.5,32.3,27.5,87.0,0.0,0.7,4.0,120.0,1.0,C 
193,2024-01-26,24.0,33.0,27.9,84.0,0.0,7.1,5.0,100.0,2.0,C 
194,2024-01-28,24.7,28.7,25.7,96.0,0.0,9.0,4.0,100.0,1.0,C 
195,2024-01-29,24.2,30.4,26.7,88.0,59.5,0.0,5.0,130.0,1.0,C 
196,2024-01-30,24.0,28.9,25.5,96.0,1.7,4.2,3.0,100.0,1.0,C 
197,2024-01-31,24.3,31.1,26.4,93.0,29.9,0.0,3.0,80.0,1.0,C 
198,2024-02-01,23.4,25.9,24.7,97.0,41.6,2.0,0.0,130.0,0.0,C 
199,2024-02-02,23.5,29.6,26.3,92.0,15.6,0.0,3.0,230.0,1.0,C 
200,2024-02-03,24.2,31.4,26.9,88.0,4.5,3.7,4.0,70.0,1.0,C 
201,2024-02-04,23.0,31.1,27.2,88.0,0.0,2.9,4.0,290.0,1.0,C 
202,2024-02-05,23.8,30.9,27.1,90.0,0.0,5.3,2.0,60.0,1.0,C 
203,2024-02-06,24.4,31.6,27.4,88.0,0.0,0.9,4.0,300.0,1.0,C 
204,2024-02-07,24.5,31.3,26.9,90.0,0.0,5.7,4.0,120.0,1.0,C 
205,2024-02-08,23.6,32.2,27.6,86.0,1.0,2.0,5.0,260.0,1.0,C 
206,2024-02-09,23.7,32.3,27.6,86.0,0.0,8.4,4.0,100.0,2.0,E 
207,2024-02-10,24.7,29.7,26.4,94.0,0.2,6.9,3.0,80.0,1.0,C 
208,2024-02-11,24.8,27.4,25.3,97.0,19.1,0.0,4.0,80.0,1.0,C 
209,2024-02-12,24.2,27.6,25.6,97.0,87.2,0.0,4.0,70.0,0.0,C 
210,2024-02-13,24.3,30.1,26.9,90.0,22.0,0.0,5.0,70.0,1.0,C 
211,2024-02-14,24.8,31.2,26.8,93.0,1.4,1.6,4.0,240.0,1.0,C 
212,2024-02-15,24.6,28.6,25.7,97.0,8.2,3.0,3.0,100.0,0.0,C 
213,2024-02-16,25.0,28.1,25.5,96.0,35.0,0.4,3.0,50.0,1.0,C 
214,2024-02-17,23.6,31.7,27.4,85.0,15.4,0.6,5.0,70.0,2.0,C 
215,2024-02-18,24.5,31.2,27.5,89.0,0.0,8.5,4.0,270.0,1.0,C 
216,2024-02-19,25.0,32.5,27.4,88.0,0.0,3.8,3.0,70.0,1.0,C 
217,2024-02-20,24.2,32.1,27.9,89.0,0.0,1.2,5.0,250.0,1.0,C 
218,2024-02-21,24.2,31.8,27.8,87.0,1.6,7.8,5.0,320.0,1.0,C 
219,2024-02-23,23.8,32.5,27.3,85.0,0.0,5.9,4.0,310.0,1.0,C 
220,2024-02-24,23.0,32.8,27.8,85.0,0.0,8.8,4.0,290.0,1.0,C 
221,2024-02-25,23.0,31.8,26.8,91.0,0.0,5.6,3.0,350.0,1.0,C 
222,2024-02-26,23.9,29.2,26.3,94.0,4.2,3.1,4.0,70.0,1.0,C 
223,2024-02-27,24.3,32.5,28.1,83.0,0.6,0.0,5.0,20.0,2.0,C 
224,2024-02-28,25.3,31.4,26.8,91.0,0.0,8.6,3.0,10.0,1.0,C 
225,2024-02-29,24.9,31.8,27.2,91.0,2.9,1.6,4.0,40.0,1.0,C 
226,2024-03-01,25.2,28.4,26.5,96.0,1.0,0.7,2.0,140.0,0.0,C 
227,2024-03-02,24.7,28.0,25.7,96.0,68.2,0.0,2.0,100.0,0.0,C 
228,2024-03-03,24.3,31.4,27.1,92.0,16.4,1.5,4.0,330.0,1.0,C 
229,2024-03-04,24.9,30.9,27.3,90.0,2.8,3.5,3.0,60.0,1.0,C 
230,2024-03-05,24.7,28.6,26.3,96.0,0.2,0.9,3.0,350.0,1.0,C 
231,2024-03-06,24.7,32.2,27.8,89.0,3.6,0.3,2.0,340.0,1.0,C 
232,2024-03-07,25.1,32.5,27.7,90.0,0.0,1.3,4.0,340.0,1.0,C 
233,2024-03-08,25.0,29.7,27.1,91.0,0.0,5.0,4.0,40.0,1.0,C 
234,2024-03-09,24.9,29.7,26.6,93.0,0.4,0.0,3.0,50.0,1.0,C 
235,2024-03-10,24.0,32.0,27.4,86.0,4.8,0.0,5.0,70.0,1.0,C 
236,2024-03-11,24.4,30.9,27.0,89.0,0.0,4.6,3.0,350.0,1.0,C 
237,2024-03-13,24.4,31.3,26.5,86.0,0.0,7.2,3.0,70.0,1.0,C 
238,2024-03-14,22.2,33.3,27.1,80.0,0.0,0.0,4.0,20.0,1.0,C 
239,2024-03-15,22.8,31.3,27.6,87.0,0.0,8.4,5.0,310.0,1.0,C 
240,2024-03-16,24.0,32.0,26.8,88.0,0.0,6.2,4.0,30.0,1.0,C 
241,2024-03-18,23.8,33.4,27.8,86.0,0.0,10.0,4.0,100.0,1.0,C 
242,2024-03-19,24.2,32.3,28.0,84.0,0.0,5.9,4.0,20.0,2.0,NE
243,2024-03-20,24.8,32.8,28.2,82.0,0.0,6.9,5.0,350.0,2.0,C 
244,2024-03-21,24.9,33.3,27.9,79.0,0.0,8.7,4.0,30.0,1.0,C 
245,2024-03-22,23.7,35.0,28.3,78.0,0.0,7.6,4.0,340.0,1.0,C 
246,2024-03-23,24.3,32.5,27.2,88.0,0.0,9.9,4.0,290.0,1.0,C 
247,2024-03-24,24.2,31.2,27.3,91.0,1.3,6.2,3.0,40.0,1.0,C 
248,2024-03-25,25.2,33.2,28.4,83.0,12.4,2.4,5.0,300.0,1.0,C 
249,2024-03-26,24.2,32.6,28.1,83.0,0.0,9.1,4.0,320.0,1.0,C 
250,2024-03-27,24.8,29.0,26.0,94.0,0.0,9.0,3.0,50.0,0.0,C 
251,2024-03-28,24.1,32.0,27.5,88.0,4.0,0.0,3.0,70.0,1.0,C 
252,2024-03-30,24.0,27.6,25.3,96.0,1.4,7.2,2.0,90.0,0.0,C 
253,2024-03-31,23.4,31.9,27.5,89.0,28.6,0.0,4.0,300.0,1.0,NW
254,2024-04-01,24.6,31.6,27.6,87.0,1.7,4.9,5.0,300.0,1.0,C 
255,2024-04-02,24.6,32.7,27.9,85.0,0.0,5.4,3.0,300.0,1.0,C 
256,2024-04-04,24.7,32.8,28.0,86.0,0.0,5.9,4.0,310.0,1.0,C 
257,2024-04-05,23.9,33.2,29.9,79.0,0.0,8.3,5.0,330.0,2.0,NW
258,2024-04-06,25.5,32.9,27.9,88.0,0.0,8.0,4.0,310.0,1.0,C 
259,2024-04-07,25.5,33.8,28.1,85.0,0.2,4.6,3.0,60.0,1.0,C 
260,2024-04-08,24.6,33.6,28.7,83.0,0.0,3.8,4.0,300.0,1.0,C 
261,2024-04-09,25.2,32.5,26.6,94.0,0.3,9.7,3.0,290.0,1.0,C 
262,2024-04-10,24.7,31.0,26.7,93.0,70.0,2.7,2.0,50.0,0.0,C 
263,2024-04-11,24.6,32.6,26.9,90.0,6.6,0.8,5.0,360.0,1.0,C 
264,2024-04-12,23.9,32.0,26.8,90.0,4.1,5.0,3.0,300.0,1.0,C 
265,2024-04-13,24.0,32.6,27.5,87.0,92.7,5.2,3.0,300.0,1.0,C 
266,2024-04-14,24.2,33.4,28.5,84.0,0.0,5.3,4.0,300.0,1.0,C 
267,2024-04-15,25.0,33.1,28.5,84.0,0.0,9.1,4.0,300.0,1.0,C 
268,2024-04-16,25.4,33.0,28.0,88.0,0.0,7.1,4.0,290.0,1.0,C 
269,2024-04-17,25.4,31.8,27.5,86.0,2.6,6.1,5.0,160.0,2.0,C 
270,2024-04-18,24.5,33.2,28.2,85.0,0.0,6.2,4.0,310.0,1.0,C 
271,2024-04-19,23.8,33.2,28.4,82.0,0.0,6.4,4.0,330.0,1.0,C 
272,2024-04-20,24.1,34.1,28.3,88.0,0.0,9.6,4.0,80.0,1.0,C 
273,2024-04-21,25.2,32.6,28.7,86.0,2.7,4.9,4.0,330.0,1.0,C 
274,2024-04-22,25.4,33.5,28.8,84.0,0.0,2.8,4.0,310.0,1.0,C 
275,2024-04-23,25.3,32.2,26.5,93.0,0.2,7.8,3.0,300.0,0.0,C 
276,2024-04-24,24.5,32.0,27.8,88.0,5.0,2.9,3.0,320.0,1.0,C 
277,2024-04-25,24.8,34.2,28.8,83.0,7.5,6.2,3.0,240.0,1.0,C 
278,2024-04-26,25.6,31.5,27.7,90.0,0.0,8.0,2.0,250.0,0.0,C 
279,2024-04-27,24.5,33.2,28.8,82.0,1.5,2.6,4.0,290.0,1.0,C 
280,2024-04-28,25.0,31.4,27.4,92.0,0.0,8.6,2.0,310.0,0.0,C 
281,2024-04-29,25.0,29.7,26.5,94.0,2.0,0.0,3.0,60.0,1.0,C 
282,2024-04-30,24.0,33.6,28.6,82.0,1.0,0.0,3.0,320.0,1.0,C 
283,2024-05-01,24.6,32.8,28.8,84.0,0.0,9.8,4.0,290.0,1.0,C 
284,2024-05-02,25.2,33.0,28.2,85.0,0.0,8.5,2.0,320.0,1.0,C 
285,2024-05-04,24.9,33.4,28.8,85.0,0.0,2.3,4.0,300.0,1.0,C 
286,2024-05-05,25.1,31.2,26.8,92.0,19.0,7.5,2.0,40.0,0.0,C 
287,2024-05-06,24.4,33.5,28.9,83.0,1.1,0.0,4.0,310.0,1.0,C 
288,2024-05-07,25.2,32.7,28.3,86.0,0.0,9.5,3.0,310.0,1.0,C 
289,2024-05-08,24.4,32.8,27.4,88.0,0.0,3.5,4.0,160.0,1.0,SE
290,2024-05-09,24.4,33.6,28.5,80.0,0.0,1.6,4.0,280.0,1.0,C 
291,2024-05-10,24.6,33.6,28.9,83.0,0.0,8.8,4.0,330.0,1.0,C 
292,2024-05-11,25.4,32.4,26.3,92.0,0.0,8.7,3.0,160.0,1.0,C 
293,2024-05-12,23.8,33.2,26.7,91.0,1.5,2.2,5.0,70.0,1.0,C 
294,2024-05-13,23.8,32.5,28.5,87.0,14.4,3.9,3.0,280.0,1.0,C 
295,2024-05-14,25.4,33.4,27.7,90.0,1.8,6.4,2.0,100.0,1.0,C 
296,2024-05-15,25.2,34.9,29.4,83.0,13.5,3.3,3.0,170.0,1.0,C 
297,2024-05-16,25.2,31.8,27.4,91.0,0.7,8.7,3.0,70.0,0.0,C 
298,2024-05-17,24.6,33.0,27.9,90.0,15.8,1.8,4.0,300.0,1.0,C 
299,2024-05-18,25.4,30.3,26.6,94.0,4.8,6.8,3.0,300.0,1.0,C 
300,2024-05-19,24.7,33.2,28.1,87.0,1.9,2.3,3.0,100.0,1.0,C 
301,2024-05-20,25.0,33.7,28.5,84.0,3.1,7.4,4.0,300.0,1.0,C 
302,2024-05-21,24.7,34.0,29.1,82.0,0.0,7.8,4.0,160.0,1.0,C 
303,2024-05-22,25.2,30.2,26.8,93.0,3.4,9.0,2.0,110.0,0.0,C 
304,2024-05-23,25.0,31.4,27.1,90.0,0.0,0.0,3.0,250.0,1.0,C 
305,2024-05-24,25.0,32.6,29.0,83.0,0.0,1.4,4.0,310.0,1.0,C 
306,2024-05-25,26.1,32.6,27.7,89.0,0.0,9.9,3.0,180.0,2.0,S 
307,2024-05-26,25.2,33.7,27.8,86.0,4.5,2.2,5.0,190.0,2.0,C 
308,2024-05-27,24.4,32.8,27.7,87.0,7.8,6.6,3.0,300.0,1.0,C 
309,2024-05-28,24.9,34.2,28.9,88.0,1.9,6.9,3.0,290.0,1.0,C 
310,2024-05-29,25.0,34.2,28.5,87.0,6.3,5.1,4.0,150.0,1.0,C 
311,2024-05-30,25.0,33.6,28.5,86.0,0.0,6.4,4.0,230.0,1.0,C 
312,2024-05-31,24.8,34.4,28.7,84.0,0.3,6.8,3.0,140.0,1.0,C 
313,2024-06-01,25.0,32.2,27.5,91.0,9.5,4.4,3.0,150.0,0.0,C 
314,2024-06-02,25.2,26.9,25.0,99.0,1.0,0.0,2.0,300.0,0.0,C 
315,2024-06-03,24.1,32.0,27.2,90.0,103.4,0.0,2.0,150.0,1.0,C 
316,2024-06-04,24.8,33.4,27.8,85.0,0.0,1.2,4.0,160.0,2.0,S 
317,2024-06-06,24.7,33.4,28.5,86.0,5.9,6.5,5.0,160.0,1.0,C 
318,2024-06-07,23.8,32.2,26.7,86.0,17.5,3.4,4.0,170.0,1.0,C 
319,2024-06-08,23.7,34.0,28.0,85.0,3.7,5.7,2.0,160.0,0.0,C 
320,2024-06-09,24.5,34.3,29.1,83.0,0.0,1.3,3.0,330.0,1.0,C 
321,2024-06-10,25.0,32.6,26.2,90.0,0.0,9.1,2.0,110.0,1.0,C 
322,2024-06-11,23.5,32.1,27.7,89.0,3.2,2.6,3.0,320.0,0.0,C 
323,2024-06-12,23.8,33.2,28.2,85.0,0.0,5.8,3.0,290.0,1.0,C 
324,2024-06-13,24.6,33.8,28.2,82.0,1.3,5.3,3.0,300.0,1.0,C 
325,2024-06-14,24.3,33.3,28.2,81.0,0.0,6.8,3.0,300.0,1.0,C 
326,2024-06-15,24.6,33.2,28.2,83.0,0.0,8.3,4.0,290.0,1.0,C 
327,2024-06-16,23.8,33.3,27.5,87.0,0.4,7.9,5.0,260.0,1.0,C 
328,2024-06-17,24.5,33.5,28.1,85.0,0.0,5.6,2.0,170.0,1.0,C 
329,2024-06-18,24.9,31.9,27.2,90.0,0.2,5.7,2.0,170.0,1.0,C 
330,2024-06-19,24.3,33.3,27.9,84.0,0.9,1.2,3.0,90.0,1.0,C 
331,2024-06-20,24.0,28.8,26.1,92.0,0.0,4.4,2.0,170.0,0.0,C 
332,2024-06-21,24.2,32.0,27.0,88.0,0.0,0.0,3.0,160.0,1.0,S 
333,2024-06-22,23.3,31.2,26.7,88.0,12.4,0.3,6.0,290.0,2.0,SE
334,2024-06-23,23.6,31.7,26.6,86.0,9.1,2.7,2.0,140.0,1.0,C 
335,2024-06-24,23.7,33.4,28.0,84.0,0.0,1.9,4.0,320.0,1.0,C 
336,2024-06-25,24.0,33.7,28.2,85.0,0.0,7.3,4.0,330.0,1.0,C 
337,2024-06-26,24.7,33.0,27.7,89.0,0.0,8.2,3.0,70.0,1.0,C 
338,2024-06-27,24.2,32.1,27.1,90.0,21.0,4.5,4.0,330.0,1.0,C 
339,2024-06-28,24.2,32.5,26.6,90.0,1.3,2.9,5.0,170.0,1.0,C 
340,2024-06-29,23.6,32.8,26.8,92.0,13.1,3.2,4.0,240.0,1.0,C 
341,2024-06-30,23.8,33.3,26.3,90.0,4.2,1.8,4.0,170.0,1.0,C 
